id,category_id,"term",weight,"language"
1,1,"小額信貸",9.0,"CH"
2,1,"不歧視",3.0,"CH"
3,1,"反貧窮政策",8.0,"CH"
4,1,"反貧窮策略",8.0,"CH"
5,1,"平等",5.0,"CH"
6,1,"民生脆弱性",7.0,"CH"
7,1,"永續發展",5.0,"CH"
8,1,"生活品質",4.0,"CH"
9,1,"生活貧窮",8.0,"CH"
10,1,"劣勢",2.0,"CH"
11,1,"收入",2.0,"CH"
12,1,"收入平等",7.0,"CH"
13,1,"收入差距",8.0,"CH"
14,1,"低收入人口",7.0,"CH"
15,1,"扶貧",9.0,"CH"
16,1,"扶貧增長",8.0,"CH"
17,1,"赤貧",5.0,"CH"
18,1,"兒童貧窮",7.0,"CH"
19,1,"物質剝奪",5.0,"CH"
20,1,"社會安全網",7.0,"CH"
21,1,"社會服務",3.0,"CH"
22,1,"社會保障",4.0,"CH"
23,1,"社會保障制度",4.0,"CH"
24,1,"社會政策",3.0,"CH"
25,1,"社會程序",2.0,"CH"
26,1,"社會福利政策",3.0,"CH"
27,1,"社會關愛",3.0,"CH"
28,1,"金融包容性",5.0,"CH"
29,1,"非洲",3.0,"CH"
30,1,"剝奪",5.0,"CH"
31,1,"消除貧窮",8.0,"CH"
32,1,"脆弱的",3.0,"CH"
33,1,"財富分配",8.0,"CH"
34,1,"基本服務",5.0,"CH"
35,1,"第三世界",3.0,"CH"
36,1,"貧窮",6.0,"CH"
37,1,"貧窮和脆弱",8.0,"CH"
38,1,"貧窮限制",7.0,"CH"
39,1,"貧窮線",8.0,"CH"
40,1,"最低工資",6.0,"CH"
41,1,"減少災害風險",5.0,"CH"
42,1,"減輕貧窮",7.0,"CH"
43,1,"發展中國家",3.0,"CH"
44,1,"階級",3.0,"CH"
45,1,"經濟資源",5.0,"CH"
46,1,"經濟邊緣化",7.0,"CH"
47,1,"資源",3.0,"CH"
48,1,"農村貧窮",5.0,"CH"
49,1,"零貧窮",9.0,"CH"
50,1,"福利",4.0,"CH"
51,1,"福利國家",5.0,"CH"
52,1,"緩解貧窮",8.0,"CH"
53,1,"環境",4.0,"CH"
54,2,"土壤污染控制",8.0,"CH"
55,2,"土壤修復",8.0,"CH"
56,2,"土壤鹽鹼化",7.0,"CH"
57,2,"小型食品生產商",5.0,"CH"
58,2,"水土保持",4.0,"CH"
59,2,"世界飢餓",9.0,"CH"
60,2,"充足的食物",8.0,"CH"
61,2,"永續發展",4.0,"CH"
62,2,"永續發展目標2",10.0,"CH"
63,2,"永續農業",6.0,"CH"
64,2,"永續糧食生產",8.0,"CH"
65,2,"玉米",3.0,"CH"
66,2,"生長發育遲緩",2.0,"CH"
67,2,"生活品質",2.0,"CH"
68,2,"生產",2.0,"CH"
69,2,"生產率",3.0,"CH"
70,2,"全球飢餓",9.0,"CH"
71,2,"多哈發展回合",7.0,"CH"
72,2,"有營養的",4.0,"CH"
73,2,"作物多樣性",8.0,"CH"
74,2,"豆類",2.0,"CH"
75,2,"兒童飢餓",8.0,"CH"
76,2,"兒童發育遲緩",6.0,"CH"
77,2,"兒童營養",8.0,"CH"
78,2,"兒童體重不足",7.0,"CH"
79,2,"物種多樣性",4.0,"CH"
80,2,"肥胖",1.0,"CH"
81,2,"食物",2.0,"CH"
82,2,"食物供應",4.0,"CH"
83,2,"食品生產",4.0,"CH"
84,2,"食品安全",5.0,"CH"
85,2,"食品供應",6.0,"CH"
86,2,"食品價格波動",6.0,"CH"
87,2,"浪費",3.0,"CH"
88,2,"消耗",2.0,"CH"
89,2,"消除飢餓",9.0,"CH"
90,2,"飢餓",7.0,"CH"
91,2,"飢餓的人",7.0,"CH"
92,2,"貧窮",5.0,"CH"
93,2,"創新與健康",4.0,"CH"
94,2,"植物多樣性",5.0,"CH"
95,2,"植物庫",6.0,"CH"
96,2,"減少飢餓",8.0,"CH"
97,2,"發育不良",5.0,"CH"
98,2,"發育遲緩",4.0,"CH"
99,2,"貿易多樣化",3.0,"CH"
100,2,"貿易限制",2.0,"CH"
101,2,"超重",2.0,"CH"
102,2,"鄉村發展",5.0,"CH"
103,2,"農作物",3.0,"CH"
104,2,"農村基礎設施",6.0,"CH"
105,2,"農村規劃",5.0,"CH"
106,2,"農產品市場",4.0,"CH"
107,2,"農業",3.0,"CH"
108,2,"農業方向指數",5.0,"CH"
109,2,"農業生產力",6.0,"CH"
110,2,"農業研究",6.0,"CH"
111,2,"農業創新",7.0,"CH"
112,2,"農業經濟學",3.0,"CH"
113,2,"零飢餓",9.0,"CH"
114,2,"種子庫",7.0,"CH"
115,2,"種子遺傳多樣性",8.0,"CH"
116,2,"彈性農業",6.0,"CH"
117,2,"遺傳多樣性",4.0,"CH"
118,2,"遺傳學",2.0,"CH"
119,2,"餐飲",1.0,"CH"
120,2,"營養",2.0,"CH"
121,2,"營養不良",6.0,"CH"
122,2,"營養改善",4.0,"CH"
123,2,"營養需求",6.0,"CH"
124,2,"環境",2.0,"CH"
125,2,"環境友善",3.0,"CH"
126,2,"糧食",4.0,"CH"
127,2,"糧食不安全",7.0,"CH"
128,2,"糧食缺口",8.0,"CH"
129,2,"糧食短缺",8.0,"CH"
130,2,"糧食農業教育",6.0,"CH"
131,2,"糧食儲備",7.0,"CH"
132,2,"鹽緊迫",3.0,"CH"
133,3,"WASH",8.0,"CH"
134,3,"WHO",5.0,"CH"
135,3,"土著",4.0,"CH"
136,3,"土壤污染",8.0,"CH"
137,3,"分娩併發症",7.0,"CH"
138,3,"分娩照護",6.0,"CH"
139,3,"水污染",8.0,"CH"
140,3,"水傳播疾病",7.0,"CH"
141,3,"水與衛生",7.0,"CH"
142,3,"牙科",4.0,"CH"
143,3,"牙醫",2.0,"CH"
144,3,"世界衛生組織",4.0,"CH"
145,3,"主觀幸福感",4.0,"CH"
146,3,"可負擔的藥物",9.0,"CH"
147,3,"可預防的死亡",8.0,"CH"
148,3,"孕前照護",7.0,"CH"
149,3,"孕產婦死亡率",6.0,"CH"
150,3,"未成年女性生育率",5.0,"CH"
151,3,"生物醫學",2.0,"CH"
152,3,"生活滿意度",3.0,"CH"
153,3,"生殖健康",6.0,"CH"
154,3,"生殖醫學",4.0,"CH"
155,3,"交通死亡",3.0,"CH"
156,3,"交通意外",2.0,"CH"
157,3,"全民健康",2.0,"CH"
158,3,"全民健康普及",5.0,"CH"
159,3,"全球健康",8.0,"CH"
160,3,"早逝",4.0,"CH"
161,3,"死亡",1.0,"CH"
162,3,"死亡率",1.0,"CH"
163,3,"吸毒",5.0,"CH"
164,3,"抗愛滋病毒",6.0,"CH"
165,3,"抗愛滋病毒療法",6.0,"CH"
166,3,"改善死亡率",7.0,"CH"
167,3,"肝炎",3.0,"CH"
168,3,"身體自主",5.0,"CH"
169,3,"兒童死亡",4.0,"CH"
170,3,"兒童死亡率",7.0,"CH"
171,3,"幸福",3.0,"CH"
172,3,"延長預期壽命",5.0,"CH"
173,3,"性健康",6.0,"CH"
174,3,"性與生殖保健",5.0,"CH"
175,3,"抽煙",3.0,"CH"
176,3,"空氣污染",3.0,"CH"
177,3,"空氣品質",5.0,"CH"
178,3,"非傳染性疾病",5.0,"CH"
179,3,"疫苗",5.0,"CH"
180,3,"降低死亡率",7.0,"CH"
181,3,"香菸控管",4.0,"CH"
182,3,"家庭計劃",7.0,"CH"
183,3,"疾病",2.0,"CH"
184,3,"脊髓灰質炎",2.0,"CH"
185,3,"酒精濫用",4.0,"CH"
186,3,"健康",2.0,"CH"
187,3,"健康生活",4.0,"CH"
188,3,"健康服務",4.0,"CH"
189,3,"健康保險利用",5.0,"CH"
190,3,"健康保險提供",5.0,"CH"
191,3,"健康預期壽命",6.0,"CH"
192,3,"國際衛生法規",6.0,"CH"
193,3,"國際衛生政策",6.0,"CH"
194,3,"產前護理",3.0,"CH"
195,3,"產婦福利",4.0,"CH"
196,3,"被感染",2.0,"CH"
197,3,"酗酒",3.0,"CH"
198,3,"麻疹",3.0,"CH"
199,3,"麻醉藥物濫用",6.0,"CH"
200,3,"勞動併發症",7.0,"CH"
201,3,"殘疾",3.0,"CH"
202,3,"殘疾和家庭支持",6.0,"CH"
203,3,"殘疾與包容",6.0,"CH"
204,3,"減少瘧疾",4.0,"CH"
205,3,"發展中國家的疫苗",6.0,"CH"
206,3,"結核",5.0,"CH"
207,3,"飲酒",2.0,"CH"
208,3,"傳染性疾病",5.0,"CH"
209,3,"傳染病",4.0,"CH"
210,3,"愛滋病",3.0,"CH"
211,3,"愛滋病毒",4.0,"CH"
212,3,"新生兒死亡率",7.0,"CH"
213,3,"資源受限環境中的健康狀況",7.0,"CH"
214,3,"道路交通事故",6.0,"CH"
215,3,"道路傷害",6.0,"CH"
216,3,"瘧疾",4.0,"CH"
217,3,"精神疾病",4.0,"CH"
218,3,"精神健康",4.0,"CH"
219,3,"暴力",3.0,"CH"
220,3,"熟練接生",6.0,"CH"
221,3,"衛生保健",5.0,"CH"
222,3,"嬰兒餵養",5.0,"CH"
223,3,"濫用藥物",5.0,"CH"
224,3,"獲得清潔水源和衛生設施",6.0,"CH"
225,3,"環境空氣污染",5.0,"CH"
226,3,"避孕藥",3.0,"CH"
227,3,"醫衛人力",6.0,"CH"
228,3,"醫衛工作者密度",7.0,"CH"
229,3,"醫學研究",3.0,"CH"
230,3,"醫療類",3.0,"CH"
231,3,"藥物濫用的治療",7.0,"CH"
232,3,"難民和衛生服務",8.0,"CH"
233,4,"K12教育",7.0,"CH"
234,4,"MOOC",5.0,"CH"
235,4,"PISA",5.0,"CH"
236,4,"STEM教育",6.0,"CH"
237,4,"人權教育",9.0,"CH"
238,4,"入學率",5.0,"CH"
239,4,"小學教育",4.0,"CH"
240,4,"工程教育",4.0,"CH"
241,4,"中學教育",4.0,"CH"
242,4,"公平教育",6.0,"CH"
243,4,"包容性",7.0,"CH"
244,4,"包容教育",8.0,"CH"
245,4,"失能",3.0,"CH"
246,4,"平等取得",4.0,"CH"
247,4,"平等教育",9.0,"CH"
248,4,"平等獲得教育的機會",9.0,"CH"
249,4,"永續發展教育",7.0,"CH"
250,4,"全球公民",6.0,"CH"
251,4,"全球公民教育",9.0,"CH"
252,4,"全球教育",7.0,"CH"
253,4,"合格教師",4.0,"CH"
254,4,"在線教育",5.0,"CH"
255,4,"在線學習",6.0,"CH"
256,4,"多元文化",7.0,"CH"
257,4,"技術教育",4.0,"CH"
258,4,"兒童早期發展",5.0,"CH"
259,4,"初等教育",6.0,"CH"
260,4,"受教育的機會",8.0,"CH"
261,4,"性別平等",9.0,"CH"
262,4,"性別差異",3.0,"CH"
263,4,"性別敏感度",6.0,"CH"
264,4,"科學教育",3.0,"CH"
265,4,"革新",2.0,"CH"
266,4,"氣候變遷教育",7.0,"CH"
267,4,"特殊教育",5.0,"CH"
268,4,"素質教育",6.0,"CH"
269,4,"素養",5.0,"CH"
270,4,"脆弱的",3.0,"CH"
271,4,"高等教育",3.0,"CH"
272,4,"國際合作",2.0,"CH"
273,4,"基本素養",4.0,"CH"
274,4,"基本讀寫能力",6.0,"CH"
275,4,"基礎教育",5.0,"CH"
276,4,"婦女權利",6.0,"CH"
277,4,"教育",3.0,"CH"
278,4,"教育不平等",7.0,"CH"
279,4,"教育中的性別平等",8.0,"CH"
280,4,"教育中的性別差異",7.0,"CH"
281,4,"教育平等",8.0,"CH"
282,4,"教師培訓",3.0,"CH"
283,4,"教學培訓",4.0,"CH"
284,4,"終身學習",5.0,"CH"
285,4,"普及教育",6.0,"CH"
286,4,"殘疾與教育",7.0,"CH"
287,4,"無障礙學校",8.0,"CH"
288,4,"發展中的教育",5.0,"CH"
289,4,"童年",2.0,"CH"
290,4,"註冊",1.0,"CH"
291,4,"電子學習",4.0,"CH"
292,4,"算術",2.0,"CH"
293,4,"獎學金名額",4.0,"CH"
294,4,"獎學金計劃",5.0,"CH"
295,4,"學前教育",4.0,"CH"
296,4,"學校",1.0,"CH"
297,4,"學習成果",2.0,"CH"
298,4,"學習經驗",3.0,"CH"
299,4,"學習機會",6.0,"CH"
300,4,"學習環境",4.0,"CH"
301,4,"融合與教育",6.0,"CH"
302,4,"環境教育",6.0,"CH"
303,4,"職業訓練",7.0,"CH"
304,4,"職業教育",5.0,"CH"
305,4,"識字能力",6.0,"CH"
306,4,"難民與學習",9.0,"CH"
307,5,"人口販運",9.0,"CH"
308,5,"人道的",6.0,"CH"
309,5,"人權",5.0,"CH"
310,5,"女兇殺",4.0,"CH"
311,5,"女性人權",5.0,"CH"
312,5,"女性不孕",3.0,"CH"
313,5,"女性生育",4.0,"CH"
314,5,"女性生殖",5.0,"CH"
315,5,"女性健康",8.0,"CH"
316,5,"女性就業",8.0,"CH"
317,5,"女政客",5.0,"CH"
318,5,"女殺",1.0,"CH"
319,5,"女童教育",6.0,"CH"
320,5,"女罪犯",3.0,"CH"
321,5,"女裝",1.0,"CH"
322,5,"女權主義",4.0,"CH"
323,5,"工作中的婦女",6.0,"CH"
324,5,"工作場所平等",8.0,"CH"
325,5,"工資",2.0,"CH"
326,5,"切割女性生殖器",8.0,"CH"
327,5,"少數民族婦女",7.0,"CH"
328,5,"平等",5.0,"CH"
329,5,"平等訪問",5.0,"CH"
330,5,"平等機會",7.0,"CH"
331,5,"母職工作",8.0,"CH"
332,5,"母職工資罰款",6.0,"CH"
333,5,"母職勞動力市場",6.0,"CH"
334,5,"永續發展目標5",10.0,"CH"
335,5,"生育",3.0,"CH"
336,5,"生殖健康",5.0,"CH"
337,5,"生殖器切割",8.0,"CH"
338,5,"生殖權",9.0,"CH"
339,5,"全民健康覆蓋",5.0,"CH"
340,5,"劣勢",2.0,"CH"
341,5,"性犯罪",4.0,"CH"
342,5,"性交易",4.0,"CH"
343,5,"性別",3.0,"CH"
344,5,"性別工資差距",7.0,"CH"
345,5,"性別不平等",6.0,"CH"
346,5,"性別失衡",7.0,"CH"
347,5,"性別平等",6.0,"CH"
348,5,"性別均等",6.0,"CH"
349,5,"性別制度",8.0,"CH"
350,5,"性別歧視",9.0,"CH"
351,5,"性別研究",8.0,"CH"
352,5,"性別差異",8.0,"CH"
353,5,"性別配額",5.0,"CH"
354,5,"性別偏見",8.0,"CH"
355,5,"性侵犯",3.0,"CH"
356,5,"性剝削",7.0,"CH"
357,5,"性健康",7.0,"CH"
358,5,"性與生殖健康",8.0,"CH"
359,5,"性暴力",3.0,"CH"
360,5,"性醫學",5.0,"CH"
361,5,"性騷擾",7.0,"CH"
362,5,"歧視",2.0,"CH"
363,5,"治理與性別",8.0,"CH"
364,5,"社會包容",4.0,"CH"
365,5,"約會暴力",6.0,"CH"
366,5,"虐待配偶",7.0,"CH"
367,5,"家政工人",5.0,"CH"
368,5,"家庭暴力",8.0,"CH"
369,5,"家務",6.0,"CH"
370,5,"針對婦女的暴力",8.0,"CH"
371,5,"基本生活標準",6.0,"CH"
372,5,"婦女代表",3.0,"CH"
373,5,"婦女地位",5.0,"CH"
374,5,"婦女研究",5.0,"CH"
375,5,"婦女財產權",7.0,"CH"
376,5,"婦女就業",6.0,"CH"
377,5,"婦女賦權",8.0,"CH"
378,5,"婦女權利",7.0,"CH"
379,5,"強姦",3.0,"CH"
380,5,"強迫婚姻",8.0,"CH"
381,5,"產假",3.0,"CH"
382,5,"販運",2.0,"CH"
383,5,"割禮",7.0,"CH"
384,5,"尊嚴",2.0,"CH"
385,5,"就業機會",2.0,"CH"
386,5,"無償家務",6.0,"CH"
387,5,"無償護理工作",5.0,"CH"
388,5,"童婚",7.0,"CH"
389,5,"開發",1.0,"CH"
390,5,"對女孩的暴力行為",7.0,"CH"
391,5,"暴力",1.0,"CH"
392,5,"賦予女孩權力",8.0,"CH"
393,5,"賦予婦女權力",8.0,"CH"
394,5,"賦權",2.0,"CH"
395,5,"邊緣化",2.0,"CH"
396,6,"下水道",7.0,"CH"
397,6,"中水回收",6.0,"CH"
398,6,"公平衛生",8.0,"CH"
399,6,"水",4.0,"CH"
400,6,"水、環境衛生和個人衛生",9.0,"CH"
401,6,"水力發電",4.0,"CH"
402,6,"水分配",9.0,"CH"
403,6,"水生態系統",8.0,"CH"
404,6,"水污染",5.0,"CH"
405,6,"水災",4.0,"CH"
406,6,"水足跡",9.0,"CH"
407,6,"水庫",2.0,"CH"
408,6,"水處理",3.0,"CH"
409,6,"水量不足",5.0,"CH"
410,6,"水源",4.0,"CH"
411,6,"水源養份標準",6.0,"CH"
412,6,"水資源",5.0,"CH"
413,6,"水資源短缺",7.0,"CH"
414,6,"水資源管理",5.0,"CH"
415,6,"水管理",4.0,"CH"
416,6,"水質",3.0,"CH"
417,6,"水壓力",1.0,"CH"
418,6,"可負擔飲用水",7.0,"CH"
419,6,"市區",1.0,"CH"
420,6,"未經處理的廢水",4.0,"CH"
421,6,"永續水管理",7.0,"CH"
422,6,"永續抽水",7.0,"CH"
423,6,"生態系統保護",5.0,"CH"
424,6,"生態系統恢復",8.0,"CH"
425,6,"用水",2.0,"CH"
426,6,"用水效率",4.0,"CH"
427,6,"地下水",2.0,"CH"
428,6,"地下水枯竭",6.0,"CH"
429,6,"地下水儲存",5.0,"CH"
430,6,"安全飲水",8.0,"CH"
431,6,"池塘",2.0,"CH"
432,6,"污染",3.0,"CH"
433,6,"住宅用水",3.0,"CH"
434,6,"含水層",4.0,"CH"
435,6,"改善水質",5.0,"CH"
436,6,"供水不足",5.0,"CH"
437,6,"河流",1.0,"CH"
438,6,"河流水質",6.0,"CH"
439,6,"河流污染",6.0,"CH"
440,6,"洗手間",1.0,"CH"
441,6,"洪水",2.0,"CH"
442,6,"流域",1.0,"CH"
443,6,"重複使用",1.0,"CH"
444,6,"浪費",3.0,"CH"
445,6,"海水淡化",5.0,"CH"
446,6,"乾旱",2.0,"CH"
447,6,"乾旱脆弱性",6.0,"CH"
448,6,"基礎設施",2.0,"CH"
449,6,"排便",3.0,"CH"
450,6,"淡水",1.0,"CH"
451,6,"淡水生態系統",5.0,"CH"
452,6,"淨水",4.0,"CH"
453,6,"第三世界",2.0,"CH"
454,6,"廁所",4.0,"CH"
455,6,"循環水",7.0,"CH"
456,6,"湖泊",2.0,"CH"
457,6,"無障礙用水",7.0,"CH"
458,6,"集水",3.0,"CH"
459,6,"飲用水",3.0,"CH"
460,6,"傾銷",1.0,"CH"
461,6,"節約用水",5.0,"CH"
462,6,"腹瀉",2.0,"CH"
463,6,"與水有關的生態系統",7.0,"CH"
464,6,"需水量",2.0,"CH"
465,6,"廢水",3.0,"CH"
466,6,"廢水處理",6.0,"CH"
467,6,"衛生",2.0,"CH"
468,6,"衛生管理",6.0,"CH"
469,6,"儲水",3.0,"CH"
470,6,"濕地",6.0,"CH"
471,6,"環境衛生",3.0,"CH"
472,6,"灌溉",2.0,"CH"
473,6,"露天排便",4.0,"CH"
474,6,"壩",2.0,"CH"
475,7,"二氧化碳排放量",9.0,"CH"
476,7,"化石燃料",8.0,"CH"
477,7,"太陽能",7.0,"CH"
478,7,"太陽能發電",6.0,"CH"
479,7,"太陽能發熱",8.0,"CH"
480,7,"太陽能電池",5.0,"CH"
481,7,"木",2.0,"CH"
482,7,"木炭",4.0,"CH"
483,7,"水力發電",5.0,"CH"
484,7,"可再生",8.0,"CH"
485,7,"可再生能源",9.0,"CH"
486,7,"可負擔的能源",8.0,"CH"
487,7,"可替代能源",9.0,"CH"
488,7,"可靠的能源",6.0,"CH"
489,7,"永續能源",9.0,"CH"
490,7,"永續能源服務",8.0,"CH"
491,7,"永續動力",5.0,"CH"
492,7,"生物燃料",7.0,"CH"
493,7,"生質能源",6.0,"CH"
494,7,"光伏電池",6.0,"CH"
495,7,"全球能源結構",8.0,"CH"
496,7,"地熱能",6.0,"CH"
497,7,"低碳",9.0,"CH"
498,7,"汽車",1.0,"CH"
499,7,"波",1.0,"CH"
500,7,"波能",2.0,"CH"
501,7,"風",2.0,"CH"
502,7,"風力",4.0,"CH"
503,7,"風力發電機",7.0,"CH"
504,7,"風能",5.0,"CH"
505,7,"氣候目標",9.0,"CH"
506,7,"海洋能",8.0,"CH"
507,7,"能源",3.0,"CH"
508,7,"能源利用",4.0,"CH"
509,7,"能源技術",5.0,"CH"
510,7,"能源政策",8.0,"CH"
511,7,"能源研究",7.0,"CH"
512,7,"能源效率",6.0,"CH"
513,7,"能源基礎設施",5.0,"CH"
514,7,"動物廢棄物",3.0,"CH"
515,7,"排放",2.0,"CH"
516,7,"清潔化石燃料",7.0,"CH"
517,7,"清潔化石燃料技術",8.0,"CH"
518,7,"清潔能源",8.0,"CH"
519,7,"清潔能源技術",9.0,"CH"
520,7,"清潔燃料",7.0,"CH"
521,7,"清潔燃料技術",9.0,"CH"
522,7,"現代能源",5.0,"CH"
523,7,"現代電力",5.0,"CH"
524,7,"智慧電網",7.0,"CH"
525,7,"減少CO 2",9.0,"CH"
526,7,"溫室氣體",8.0,"CH"
527,7,"溫室氣體排放",9.0,"CH"
528,7,"煤",2.0,"CH"
529,7,"節能減排",8.0,"CH"
530,7,"電力",2.0,"CH"
531,7,"電力取得",3.0,"CH"
532,7,"電力基礎設施",4.0,"CH"
533,7,"電力輸出產生的二氧化碳排放量",8.0,"CH"
534,7,"電池",2.0,"CH"
535,7,"碳",4.0,"CH"
536,7,"綠色能源",8.0,"CH"
537,7,"綠色經濟",9.0,"CH"
538,7,"潮汐能",7.0,"CH"
539,7,"潮汐發電",8.0,"CH"
540,7,"燃料燃燒產生的二氧化碳排放量",8.0,"CH"
541,7,"獲得清潔能源",8.0,"CH"
542,7,"環保能源",8.0,"CH"
543,8,"GDP增長",6.0,"CH"
544,8,"人人享有體面的工作",7.0,"CH"
545,8,"人口販運",5.0,"CH"
546,8,"女性移民",5.0,"CH"
547,8,"工作",4.0,"CH"
548,8,"工作機會",7.0,"CH"
549,8,"工作穩定",8.0,"CH"
550,8,"工傷",7.0,"CH"
551,8,"工業衛生",8.0,"CH"
552,8,"工資不平等",8.0,"CH"
553,8,"工資差距",7.0,"CH"
554,8,"公共政策",2.0,"CH"
555,8,"文化",1.0,"CH"
556,8,"世界貿易",1.0,"CH"
557,8,"包容性經濟增長",9.0,"CH"
558,8,"失業",7.0,"CH"
559,8,"失業救濟金",8.0,"CH"
560,8,"失業率",6.0,"CH"
561,8,"奴隸制",8.0,"CH"
562,8,"永續生產",8.0,"CH"
563,8,"永續旅遊",7.0,"CH"
564,8,"永續消費",6.0,"CH"
565,8,"永續發展",5.0,"CH"
566,8,"永續經濟增長",7.0,"CH"
567,8,"永續經營",5.0,"CH"
568,8,"生活品質",5.0,"CH"
569,8,"生產性就業",7.0,"CH"
570,8,"生產率",3.0,"CH"
571,8,"生態旅遊",8.0,"CH"
572,8,"生態創新",8.0,"CH"
573,8,"生態經濟學",7.0,"CH"
574,8,"企業",1.0,"CH"
575,8,"全球交易",3.0,"CH"
576,8,"全球資源效率",6.0,"CH"
577,8,"同工同酬",4.0,"CH"
578,8,"安全工作",7.0,"CH"
579,8,"收入差距",3.0,"CH"
580,8,"受傷的工人",3.0,"CH"
581,8,"社會",1.0,"CH"
582,8,"社會政策",2.0,"CH"
583,8,"金融",1.0,"CH"
584,8,"金融服務",1.0,"CH"
585,8,"金融深化",3.0,"CH"
586,8,"青年失業",6.0,"CH"
587,8,"青年就業",7.0,"CH"
588,8,"保險",1.0,"CH"
589,8,"革新",1.0,"CH"
590,8,"員工福利",5.0,"CH"
591,8,"消除貧窮",4.0,"CH"
592,8,"能源政策",3.0,"CH"
593,8,"高薪工作",8.0,"CH"
594,8,"國內生產總值增長",3.0,"CH"
595,8,"強迫勞動",7.0,"CH"
596,8,"現代奴隸制",6.0,"CH"
597,8,"貧窮線",8.0,"CH"
598,8,"創造力與創新",8.0,"CH"
599,8,"創造就業機會",8.0,"CH"
600,8,"創業精神",6.0,"CH"
601,8,"勞工權利",6.0,"CH"
602,8,"勞動力市場",4.0,"CH"
603,8,"勞動安全",8.0,"CH"
604,8,"勞動法",7.0,"CH"
605,8,"勞動者報酬",8.0,"CH"
606,8,"勞動健康",7.0,"CH"
607,8,"就業政策",6.0,"CH"
608,8,"發展導向政策",5.0,"CH"
609,8,"童工",7.0,"CH"
610,8,"童兵",6.0,"CH"
611,8,"貿易不援助",5.0,"CH"
612,8,"貿易方式",2.0,"CH"
613,8,"貿易援助",2.0,"CH"
614,8,"微型金融",8.0,"CH"
615,8,"經濟",1.0,"CH"
616,8,"經濟生產力",3.0,"CH"
617,8,"經濟發展",1.0,"CH"
618,8,"經濟增長",2.0,"CH"
619,8,"資源效率",6.0,"CH"
620,8,"農民工",5.0,"CH"
621,8,"綠色經濟",8.0,"CH"
622,8,"銀行業",1.0,"CH"
623,8,"優質工作",7.0,"CH"
624,8,"職業事故",7.0,"CH"
625,8,"職業病",7.0,"CH"
626,8,"職業健康和安全",8.0,"CH"
627,8,"職業傷害",7.0,"CH"
628,8,"職業暴露",7.0,"CH"
629,8,"職業醫學",8.0,"CH"
630,8,"穩定就業",9.0,"CH"
631,8,"體面的工作",9.0,"CH"
632,9,"ICT基礎設施",8.0,"CH"
633,9,"上網",5.0,"CH"
634,9,"工作可及性",7.0,"CH"
635,9,"工業化",3.0,"CH"
636,9,"公共政策",2.0,"CH"
637,9,"水基礎設施",8.0,"CH"
638,9,"水資源",7.0,"CH"
639,9,"加裝",1.0,"CH"
640,9,"可負擔取得",4.0,"CH"
641,9,"可負擔信用",4.0,"CH"
642,9,"永續工業化",7.0,"CH"
643,9,"永續基礎設施",7.0,"CH"
644,9,"永續產業",8.0,"CH"
645,9,"生活品質",3.0,"CH"
646,9,"企業",1.0,"CH"
647,9,"全民教育知識",2.0,"CH"
648,9,"合作",1.0,"CH"
649,9,"技術",2.0,"CH"
650,9,"技術能力",3.0,"CH"
651,9,"技術創新",4.0,"CH"
652,9,"社會",2.0,"CH"
653,9,"金融服務",1.0,"CH"
654,9,"研究",2.0,"CH"
655,9,"研究成果",3.0,"CH"
656,9,"研發支出",5.0,"CH"
657,9,"科學研究",6.0,"CH"
658,9,"破壞性創新",5.0,"CH"
659,9,"能源",2.0,"CH"
660,9,"訊息技術",6.0,"CH"
661,9,"訊息通訊技術",7.0,"CH"
662,9,"區域基礎設施",8.0,"CH"
663,9,"國家安全",3.0,"CH"
664,9,"國家基礎設施",5.0,"CH"
665,9,"基礎設施",4.0,"CH"
666,9,"基礎設施投資",6.0,"CH"
667,9,"基礎設施規劃",7.0,"CH"
668,9,"專利保護",5.0,"CH"
669,9,"專利政策",6.0,"CH"
670,9,"清潔技術",3.0,"CH"
671,9,"產業多元化",5.0,"CH"
672,9,"移動電信系統",4.0,"CH"
673,9,"無害環境技術",8.0,"CH"
674,9,"發展中國家的移動網路",7.0,"CH"
675,9,"貿易方式",2.0,"CH"
676,9,"經濟基礎設施",5.0,"CH"
677,9,"經濟發展",2.0,"CH"
678,9,"資料庫",2.0,"CH"
679,9,"資源利用效率",5.0,"CH"
680,9,"跨境基礎設施",7.0,"CH"
681,9,"運輸",1.0,"CH"
682,9,"道路",1.0,"CH"
683,9,"電力",2.0,"CH"
684,9,"電話服務",2.0,"CH"
685,9,"綠色基礎設施",6.0,"CH"
686,9,"綠色產業",7.0,"CH"
687,9,"網路基礎設施",7.0,"CH"
688,9,"網際網路接取",5.0,"CH"
689,9,"價值鏈",2.0,"CH"
690,9,"價值鏈和市場",3.0,"CH"
691,9,"彈性基礎架構",4.0,"CH"
692,9,"數位包容",9.0,"CH"
693,9,"衛生",3.0,"CH"
694,9,"整體基礎設施品質",8.0,"CH"
695,9,"獲得訊息和通信技術",7.0,"CH"
696,9,"環境創新",6.0,"CH"
697,9,"關鍵基礎設施",7.0,"CH"
698,9,"灌溉",5.0,"CH"
699,10,"人口增長",8.0,"CH"
700,10,"人權",7.0,"CH"
701,10,"土著",8.0,"CH"
702,10,"土著權利",9.0,"CH"
703,10,"女權法理學",7.0,"CH"
704,10,"小孩",2.0,"CH"
705,10,"小島嶼發展中國家",6.0,"CH"
706,10,"不公平的歧視",7.0,"CH"
707,10,"不平等",6.0,"CH"
708,10,"公平",2.0,"CH"
709,10,"公共政策",3.0,"CH"
710,10,"文化",1.0,"CH"
711,10,"世界貿易",2.0,"CH"
712,10,"世貿組織",4.0,"CH"
713,10,"包容性",8.0,"CH"
714,10,"可負擔房子",7.0,"CH"
715,10,"外來投資",2.0,"CH"
716,10,"外援",3.0,"CH"
717,10,"平等",2.0,"CH"
718,10,"平等機會",5.0,"CH"
719,10,"永續經營",6.0,"CH"
720,10,"生活品質",2.0,"CH"
721,10,"全球金融市場",4.0,"CH"
722,10,"多元化政策",3.0,"CH"
723,10,"年齡",1.0,"CH"
724,10,"年齡主義",6.0,"CH"
725,10,"收入差距",7.0,"CH"
726,10,"收入增長",4.0,"CH"
727,10,"免稅市場",3.0,"CH"
728,10,"庇護政策",8.0,"CH"
729,10,"宗教",1.0,"CH"
730,10,"宗教歧視",7.0,"CH"
731,10,"帕爾瑪比率",8.0,"CH"
732,10,"性別",5.0,"CH"
733,10,"性別不平等",7.0,"CH"
734,10,"性別包容",6.0,"CH"
735,10,"性別平等",7.0,"CH"
736,10,"性別歧視",7.0,"CH"
737,10,"性取向歧視",8.0,"CH"
738,10,"歧視",4.0,"CH"
739,10,"歧視性",6.0,"CH"
740,10,"歧視性法律",8.0,"CH"
741,10,"社區發展",2.0,"CH"
742,10,"社會",1.0,"CH"
743,10,"社會不平等",4.0,"CH"
744,10,"社會包容",6.0,"CH"
745,10,"社會保障",2.0,"CH"
746,10,"社會福利",4.0,"CH"
747,10,"金融監管",3.0,"CH"
748,10,"金融穩定",6.0,"CH"
749,10,"原住民",8.0,"CH"
750,10,"弱勢國家",5.0,"CH"
751,10,"恐同",1.0,"CH"
752,10,"缺乏進步",2.0,"CH"
753,10,"財務監督",3.0,"CH"
754,10,"財務穩健性",6.0,"CH"
755,10,"健康",1.0,"CH"
756,10,"商業",1.0,"CH"
757,10,"國籍歧視",6.0,"CH"
758,10,"基尼",8.0,"CH"
759,10,"授權",1.0,"CH"
760,10,"教育",1.0,"CH"
761,10,"移民",5.0,"CH"
762,10,"移民法",7.0,"CH"
763,10,"移民政策",8.0,"CH"
764,10,"移民健康",8.0,"CH"
765,10,"移民匯款",5.0,"CH"
766,10,"貧窮",4.0,"CH"
767,10,"最不發達國家",2.0,"CH"
768,10,"殘疾人士",4.0,"CH"
769,10,"殘疾人就業服務",8.0,"CH"
770,10,"殘疾歧視",9.0,"CH"
771,10,"殘障人士",4.0,"CH"
772,10,"減少不平等",8.0,"CH"
773,10,"無家可歸",4.0,"CH"
774,10,"發展中國家",3.0,"CH"
775,10,"發展援助",4.0,"CH"
776,10,"鄉村",1.0,"CH"
777,10,"經濟",1.0,"CH"
778,10,"經濟不平等",7.0,"CH"
779,10,"經濟支援",6.0,"CH"
780,10,"零關稅",2.0,"CH"
781,10,"零關稅准入",3.0,"CH"
782,10,"種族",1.0,"CH"
783,10,"種族主義",8.0,"CH"
784,10,"種族歧視",7.0,"CH"
785,10,"難民",4.0,"CH"
786,10,"難民政策",8.0,"CH"
787,10,"難民健康",8.0,"CH"
788,11,"PM10",9.0,"CH"
789,11,"PM2.5",9.0,"CH"
790,11,"人口",7.0,"CH"
791,11,"人口增長",8.0,"CH"
792,11,"人類住區",6.0,"CH"
793,11,"土地",2.0,"CH"
794,11,"土地消耗",5.0,"CH"
795,11,"大眾運輸",2.0,"CH"
796,11,"公共交通",3.0,"CH"
797,11,"公共交通工具",2.0,"CH"
798,11,"公共居所",6.0,"CH"
799,11,"公共場所",2.0,"CH"
800,11,"分權化",1.0,"CH"
801,11,"反光面",1.0,"CH"
802,11,"文化遺產",6.0,"CH"
803,11,"水",1.0,"CH"
804,11,"仙台框架",6.0,"CH"
805,11,"包容性城市化",7.0,"CH"
806,11,"可負擔的房子",7.0,"CH"
807,11,"市政管理",4.0,"CH"
808,11,"市區",1.0,"CH"
809,11,"永續居所",9.0,"CH"
810,11,"永續社區",8.0,"CH"
811,11,"永續城市",8.0,"CH"
812,11,"永續城市化",9.0,"CH"
813,11,"永續建築",8.0,"CH"
814,11,"永續都市化",9.0,"CH"
815,11,"永續發展",7.0,"CH"
816,11,"永續運輸",7.0,"CH"
817,11,"永續綠美化",7.0,"CH"
818,11,"生態建築",8.0,"CH"
819,11,"交通排放",6.0,"CH"
820,11,"交通管制",2.0,"CH"
821,11,"交通擁塞",3.0,"CH"
822,11,"安全住房",5.0,"CH"
823,11,"安全城市",6.0,"CH"
824,11,"污染",2.0,"CH"
825,11,"自然災害",3.0,"CH"
826,11,"自然保護區",6.0,"CH"
827,11,"自然遺產",5.0,"CH"
828,11,"低碳城市",8.0,"CH"
829,11,"住房",1.0,"CH"
830,11,"住房不平等",8.0,"CH"
831,11,"住房不足",7.0,"CH"
832,11,"災害",1.0,"CH"
833,11,"災害相關的經濟損失",6.0,"CH"
834,11,"災害管理",8.0,"CH"
835,11,"災難",1.0,"CH"
836,11,"災難策略",8.0,"CH"
837,11,"防洪能力",8.0,"CH"
838,11,"固體垃圾",5.0,"CH"
839,11,"宜居城市",8.0,"CH"
840,11,"社區",1.0,"CH"
841,11,"空氣污染",4.0,"CH"
842,11,"空氣品質",5.0,"CH"
843,11,"非正式住所",4.0,"CH"
844,11,"保護區",3.0,"CH"
845,11,"城市",1.0,"CH"
846,11,"城市分權",7.0,"CH"
847,11,"城市永續發展",8.0,"CH"
848,11,"城市生活垃圾",8.0,"CH"
849,11,"城市交通",8.0,"CH"
850,11,"城市回復力",9.0,"CH"
851,11,"城市安全",8.0,"CH"
852,11,"城市成長",8.0,"CH"
853,11,"城市污染",8.0,"CH"
854,11,"城市災害管理",8.0,"CH"
855,11,"城市的影響",3.0,"CH"
856,11,"城市空氣污染",8.0,"CH"
857,11,"城市空氣品質",7.0,"CH"
858,11,"城市洪水",7.0,"CH"
859,11,"城市氣候",6.0,"CH"
860,11,"城市氣候學",7.0,"CH"
861,11,"城市規劃",8.0,"CH"
862,11,"城市造林",8.0,"CH"
863,11,"城市森林",8.0,"CH"
864,11,"城市發展",2.0,"CH"
865,11,"城市遺產公園",8.0,"CH"
866,11,"城市擴張",2.0,"CH"
867,11,"城鄉發展",3.0,"CH"
868,11,"城鎮規劃",2.0,"CH"
869,11,"室內空氣污染",7.0,"CH"
870,11,"室內空氣品質",6.0,"CH"
871,11,"軌道交通",5.0,"CH"
872,11,"郊區",1.0,"CH"
873,11,"降低風險",2.0,"CH"
874,11,"降低風險策略",4.0,"CH"
875,11,"氣候變遷",7.0,"CH"
876,11,"氣溶膠",4.0,"CH"
877,11,"浪費",1.0,"CH"
878,11,"租金控制",4.0,"CH"
879,11,"國家公園",5.0,"CH"
880,11,"基礎設施",2.0,"CH"
881,11,"細顆粒物",4.0,"CH"
882,11,"貧民窟",8.0,"CH"
883,11,"都市化",5.0,"CH"
884,11,"都市交通",4.0,"CH"
885,11,"都市熱島",7.0,"CH"
886,11,"景觀生態學",5.0,"CH"
887,11,"景觀建築",5.0,"CH"
888,11,"景觀規劃",4.0,"CH"
889,11,"智慧城市",7.0,"CH"
890,11,"棚戶區",4.0,"CH"
891,11,"森林保護區",5.0,"CH"
892,11,"減少災害風險",5.0,"CH"
893,11,"減災",2.0,"CH"
894,11,"減緩",1.0,"CH"
895,11,"發展規劃",2.0,"CH"
896,11,"韌性的",4.0,"CH"
897,11,"韌性建築",9.0,"CH"
898,11,"韌性都市",9.0,"CH"
899,11,"當地材料",8.0,"CH"
900,11,"資源效率",5.0,"CH"
901,11,"資源需求",2.0,"CH"
902,11,"運輸",1.0,"CH"
903,11,"運輸系統",4.0,"CH"
904,11,"運輸計劃",3.0,"CH"
905,11,"過度擁擠",6.0,"CH"
906,11,"道路交通安全",5.0,"CH"
907,11,"零碳城市",8.0,"CH"
908,11,"綠化帶",5.0,"CH"
909,11,"綠色空間",6.0,"CH"
910,11,"綠色建築",9.0,"CH"
911,11,"綠色基礎設施",9.0,"CH"
912,11,"廢棄物產生",8.0,"CH"
913,11,"廢棄物管理",8.0,"CH"
914,11,"熱島",5.0,"CH"
915,11,"調適",2.0,"CH"
916,11,"調適力強",7.0,"CH"
917,11,"遺產",1.0,"CH"
918,11,"鋼筋混凝土",1.0,"CH"
919,11,"環境空氣污染",4.0,"CH"
920,11,"關鍵基礎設施",5.0,"CH"
921,12,"PM2.5",9.0,"CH"
922,12,"GRI",8.0,"CH"
923,12,"SO2排放",9.0,"CH"
924,12,"二氧化碳捕捉",8.0,"CH"
925,12,"人為廢水",7.0,"CH"
926,12,"土壤污染",7.0,"CH"
927,12,"工業廢水",8.0,"CH"
928,12,"工業廢棄物處理",8.0,"CH"
929,12,"不過時的",2.0,"CH"
930,12,"公共採購",3.0,"CH"
931,12,"化石燃料補貼",3.0,"CH"
932,12,"水",2.0,"CH"
933,12,"水污染",5.0,"CH"
934,12,"水源",4.0,"CH"
935,12,"可再生",8.0,"CH"
936,12,"市場扭曲",3.0,"CH"
937,12,"永續公共採購",8.0,"CH"
938,12,"永續生產",7.0,"CH"
939,12,"永續供應鏈",8.0,"CH"
940,12,"永續旅遊",8.0,"CH"
941,12,"永續消費",8.0,"CH"
942,12,"永續採購",8.0,"CH"
943,12,"永續發展",8.0,"CH"
944,12,"永續發展教育",8.0,"CH"
945,12,"永續發展報告",8.0,"CH"
946,12,"永續經營",8.0,"CH"
947,12,"永續資源利用",8.0,"CH"
948,12,"永續實踐",7.0,"CH"
949,12,"永續製造",9.0,"CH"
950,12,"生命週期",2.0,"CH"
951,12,"生命週期分析",1.0,"CH"
952,12,"生產",1.0,"CH"
953,12,"生態學",3.0,"CH"
954,12,"企業",1.0,"CH"
955,12,"企業社會責任",7.0,"CH"
956,12,"全球公民教育",7.0,"CH"
957,12,"全球食物浪費",8.0,"CH"
958,12,"全球糧食損失",8.0,"CH"
959,12,"危險廢棄物",8.0,"CH"
960,12,"回收",2.0,"CH"
961,12,"回收利用",5.0,"CH"
962,12,"收益損失",1.0,"CH"
963,12,"收穫後損失",2.0,"CH"
964,12,"有形貨物",1.0,"CH"
965,12,"有效利用資源",5.0,"CH"
966,12,"污染控制",5.0,"CH"
967,12,"自然資源",3.0,"CH"
968,12,"汽車",1.0,"CH"
969,12,"防止污染",6.0,"CH"
970,12,"物質足跡",7.0,"CH"
971,12,"空氣污染",5.0,"CH"
972,12,"空氣污染物",5.0,"CH"
973,12,"空氣品質",6.0,"CH"
974,12,"城市生活垃圾",8.0,"CH"
975,12,"政府採購",1.0,"CH"
976,12,"活性氮排放",4.0,"CH"
977,12,"負責任的生產鏈",6.0,"CH"
978,12,"重用",2.0,"CH"
979,12,"食物浪費",5.0,"CH"
980,12,"食品供應",4.0,"CH"
981,12,"氣候變遷教育",7.0,"CH"
982,12,"氣溶膠",2.0,"CH"
983,12,"浪費",1.0,"CH"
984,12,"消費主義",3.0,"CH"
985,12,"消費者水準",4.0,"CH"
986,12,"消費浪費",5.0,"CH"
987,12,"能源",1.0,"CH"
988,12,"能源效率",3.0,"CH"
989,12,"能源消耗",4.0,"CH"
990,12,"唯物主義",2.0,"CH"
991,12,"商業",1.0,"CH"
992,12,"國內材料消耗",6.0,"CH"
993,12,"堆肥",4.0,"CH"
994,12,"排放控制",3.0,"CH"
995,12,"深度脫碳",8.0,"CH"
996,12,"清潔生產",8.0,"CH"
997,12,"粒狀物",2.0,"CH"
998,12,"循環經濟",8.0,"CH"
999,12,"氮足跡",7.0,"CH"
1000,12,"減少",1.0,"CH"
1001,12,"減少二氧化碳",6.0,"CH"
1002,12,"減少溫室氣體排放",8.0,"CH"
1003,12,"減少廢棄物產生",9.0,"CH"
1004,12,"溫室效應",6.0,"CH"
1005,12,"溫室氣體",7.0,"CH"
1006,12,"資本主義",1.0,"CH"
1007,12,"資源效率",6.0,"CH"
1008,12,"過度消費",8.0,"CH"
1009,12,"零售",1.0,"CH"
1010,12,"零售業",2.0,"CH"
1011,12,"電子垃圾",6.0,"CH"
1012,12,"電子廢棄物",8.0,"CH"
1013,12,"監測永續發展",9.0,"CH"
1014,12,"碳足跡",9.0,"CH"
1015,12,"碳捕捉",9.0,"CH"
1016,12,"碳捕捉與封存",9.0,"CH"
1017,12,"綠色化學",8.0,"CH"
1018,12,"綠色供應鏈",7.0,"CH"
1019,12,"綠色採購",7.0,"CH"
1020,12,"綠色製造",7.0,"CH"
1021,12,"廢棄物回收",6.0,"CH"
1022,12,"廢棄物處理",6.0,"CH"
1023,12,"廢棄物焚化",7.0,"CH"
1024,12,"廢棄物管理",7.0,"CH"
1025,12,"餐飲",1.0,"CH"
1026,12,"環境污染物",7.0,"CH"
1027,12,"環境評估",8.0,"CH"
1028,12,"環境影響",7.0,"CH"
1029,12,"糧食損失",5.0,"CH"
1030,13,"COP",9.0,"CH"
1031,13,"二氧化碳",8.0,"CH"
1032,13,"二氧化碳封存",8.0,"CH"
1033,13,"二氧化碳捕捉",8.0,"CH"
1034,13,"二氧化碳排放量",8.0,"CH"
1035,13,"二氧化碳當量",8.0,"CH"
1036,13,"二氧化碳轉化",8.0,"CH"
1037,13,"大氣二氧化碳",8.0,"CH"
1038,13,"升溫溫度",8.0,"CH"
1039,13,"巴黎協定",9.0,"CH"
1040,13,"可再生",7.0,"CH"
1041,13,"永續發展教育",8.0,"CH"
1042,13,"生態系統",4.0,"CH"
1043,13,"全球平均溫度",8.0,"CH"
1044,13,"全球氣候變遷",9.0,"CH"
1045,13,"全球暖化",8.0,"CH"
1046,13,"全球溫度",7.0,"CH"
1047,13,"全球變暖的潛力",7.0,"CH"
1048,13,"冰融化",7.0,"CH"
1049,13,"污染",5.0,"CH"
1050,13,"自然災害",5.0,"CH"
1051,13,"自然系統",8.0,"CH"
1052,13,"行星變暖",8.0,"CH"
1053,13,"低碳經濟",9.0,"CH"
1054,13,"防災",3.0,"CH"
1055,13,"洶湧的大海",2.0,"CH"
1056,13,"降低風險",1.0,"CH"
1057,13,"氣候",1.0,"CH"
1058,13,"氣候危害",7.0,"CH"
1059,13,"氣候行動",8.0,"CH"
1060,13,"氣候治理",8.0,"CH"
1061,13,"氣候政策",9.0,"CH"
1062,13,"氣候減緩",9.0,"CH"
1063,13,"氣候預警",6.0,"CH"
1064,13,"氣候與性別",5.0,"CH"
1065,13,"氣候與政治",5.0,"CH"
1066,13,"氣候與傳染病",5.0,"CH"
1067,13,"氣候影響",5.0,"CH"
1068,13,"氣候調適",5.0,"CH"
1069,13,"氣候調適力",5.0,"CH"
1070,13,"氣候難民",8.0,"CH"
1071,13,"氣候變遷",5.0,"CH"
1072,13,"氣候變遷政策",8.0,"CH"
1073,13,"氣候變遷脆弱度",9.0,"CH"
1074,13,"氣候變遷教育",9.0,"CH"
1075,13,"氣候變遷規劃",9.0,"CH"
1076,13,"氣候變遷意識",9.0,"CH"
1077,13,"氣候變遷管理",9.0,"CH"
1078,13,"氣候變遷調適",9.0,"CH"
1079,13,"氣候變遷調適力",9.0,"CH"
1080,13,"海平面上升",6.0,"CH"
1081,13,"海洋變暖",6.0,"CH"
1082,13,"能源相關的二氧化碳",6.0,"CH"
1083,13,"排放交易",6.0,"CH"
1084,13,"排放物",3.0,"CH"
1085,13,"排放控制",4.0,"CH"
1086,13,"斯特恩評論",6.0,"CH"
1087,13,"減少災害風險",3.0,"CH"
1088,13,"暖化",7.0,"CH"
1089,13,"極端天氣",8.0,"CH"
1090,13,"極端氣候事件",8.0,"CH"
1091,13,"溫室氣體",9.0,"CH"
1092,13,"溫室氣體排放",9.0,"CH"
1093,13,"溫度",2.0,"CH"
1094,13,"碳",5.0,"CH"
1095,13,"碳足跡",9.0,"CH"
1096,13,"碳金融",9.0,"CH"
1097,13,"碳捕捉",9.0,"CH"
1098,13,"碳捕捉與封存",9.0,"CH"
1099,13,"碳排",7.0,"CH"
1100,13,"碳匯",7.0,"CH"
1101,13,"綠色氣候基金",8.0,"CH"
1102,13,"與氣候有關的危害",8.0,"CH"
1103,13,"融冰",7.0,"CH"
1104,13,"環境教育",5.0,"CH"
1105,13,"變化的天氣模式",7.0,"CH"
1106,14,"二氧化碳",5.0,"CH"
1107,14,"不受管制的捕撈",9.0,"CH"
1108,14,"不受管制的釣魚",8.0,"CH"
1109,14,"水下生態系統",9.0,"CH"
1110,14,"水下噪音",8.0,"CH"
1111,14,"水生毒理學",9.0,"CH"
1112,14,"水資源與政策",9.0,"CH"
1113,14,"永續水產養殖",9.0,"CH"
1114,14,"永續生態系統",7.0,"CH"
1115,14,"生物多樣性",6.0,"CH"
1116,14,"生態系統管理",7.0,"CH"
1117,14,"全球暖化",4.0,"CH"
1118,14,"汞污染",6.0,"CH"
1119,14,"拖網",4.0,"CH"
1120,14,"沿岸棲地",9.0,"CH"
1121,14,"沿海公園",8.0,"CH"
1122,14,"沿海生物多樣性",9.0,"CH"
1123,14,"沿海生態系統",9.0,"CH"
1124,14,"沿海污染",8.0,"CH"
1125,14,"沿海保護",7.0,"CH"
1126,14,"沿海資源",7.0,"CH"
1127,14,"沿海優養化",7.0,"CH"
1128,14,"非法、不報告和不管制捕魚",3.0,"CH"
1129,14,"非法捕魚",7.0,"CH"
1130,14,"保護區",2.0,"CH"
1131,14,"珊瑚白化",8.0,"CH"
1132,14,"珊瑚礁",6.0,"CH"
1133,14,"家計型漁業",8.0,"CH"
1134,14,"海水暖化",9.0,"CH"
1135,14,"海水酸化",8.0,"CH"
1136,14,"海岸公園",5.0,"CH"
1137,14,"海岸保護",8.0,"CH"
1138,14,"海岸線",2.0,"CH"
1139,14,"海洋",1.0,"CH"
1140,14,"海洋生物多樣性",7.0,"CH"
1141,14,"海洋生態系統",8.0,"CH"
1142,14,"海洋污染",9.0,"CH"
1143,14,"海洋垃圾",9.0,"CH"
1144,14,"海洋法",4.0,"CH"
1145,14,"海洋健康",7.0,"CH"
1146,14,"海洋區域",3.0,"CH"
1147,14,"海洋魚類資源",9.0,"CH"
1148,14,"海洋溫度",7.0,"CH"
1149,14,"海洋碎屑",5.0,"CH"
1150,14,"海洋資源",8.0,"CH"
1151,14,"海洋漁業",7.0,"CH"
1152,14,"海洋管理委員會",8.0,"CH"
1153,14,"海洋酸度",8.0,"CH"
1154,14,"海洋學",3.0,"CH"
1155,14,"海洋關鍵生物多樣性區",9.0,"CH"
1156,14,"海軍陸戰隊",1.0,"CH"
1157,14,"海草",2.0,"CH"
1158,14,"海域",2.0,"CH"
1159,14,"海帶",1.0,"CH"
1160,14,"破壞性捕魚",8.0,"CH"
1161,14,"淨水",1.0,"CH"
1162,14,"淨灘",6.0,"CH"
1163,14,"船用塑膠",3.0,"CH"
1164,14,"釣魚",1.0,"CH"
1165,14,"釣魚方式",4.0,"CH"
1166,14,"魚種",3.0,"CH"
1167,14,"魚類資源",5.0,"CH"
1168,14,"魚類種群",7.0,"CH"
1169,14,"魚類種群和漁業管理",7.0,"CH"
1170,14,"富饒的海洋",6.0,"CH"
1171,14,"塑膠污染",3.0,"CH"
1172,14,"過度捕撈",8.0,"CH"
1173,14,"漁民",5.0,"CH"
1174,14,"漁業",7.0,"CH"
1175,14,"漁業補貼",9.0,"CH"
1176,14,"漁業管理",9.0,"CH"
1177,14,"漂浮的塑膠碎片",5.0,"CH"
1178,14,"漏油事件",6.0,"CH"
1179,14,"養護",2.0,"CH"
1180,14,"養護海洋",8.0,"CH"
1181,14,"優養化",6.0,"CH"
1182,14,"營養物質污染",8.0,"CH"
1183,15,"人工林",8.0,"CH"
1184,15,"入侵物種",5.0,"CH"
1185,15,"土地生產力",7.0,"CH"
1186,15,"土地利用與永續性",9.0,"CH"
1187,15,"土地保護",9.0,"CH"
1188,15,"土地流失",8.0,"CH"
1189,15,"土地退化",9.0,"CH"
1190,15,"土地退化中立",8.0,"CH"
1191,15,"土著",2.0,"CH"
1192,15,"土壤",4.0,"CH"
1193,15,"土壤污染",7.0,"CH"
1194,15,"土壤修復",9.0,"CH"
1195,15,"土壤退化",9.0,"CH"
1196,15,"土壤穩定",8.0,"CH"
1197,15,"山區生物多樣性",8.0,"CH"
1198,15,"山區生態系統",9.0,"CH"
1199,15,"山區綠色覆蓋指數",8.0,"CH"
1200,15,"木材防腐",5.0,"CH"
1201,15,"水土保持",8.0,"CH"
1202,15,"水土流失",8.0,"CH"
1203,15,"外來入侵物種",2.0,"CH"
1204,15,"永續農業",7.0,"CH"
1205,15,"生物入侵",2.0,"CH"
1206,15,"生物多樣性",4.0,"CH"
1207,15,"生物多樣性威脅",6.0,"CH"
1208,15,"生物多樣性喪失",6.0,"CH"
1209,15,"生物多樣性策略計劃",7.0,"CH"
1210,15,"生物多樣性管理",8.0,"CH"
1211,15,"生物抗性",7.0,"CH"
1212,15,"生態系統",2.0,"CH"
1213,15,"生態系統恢復",5.0,"CH"
1214,15,"交易野生動植物",9.0,"CH"
1215,15,"地表水",4.0,"CH"
1216,15,"自然再生",7.0,"CH"
1217,15,"自然棲息地",9.0,"CH"
1218,15,"抗旱性",7.0,"CH"
1219,15,"旱地",2.0,"CH"
1220,15,"受保護物種",6.0,"CH"
1221,15,"受威脅物種",8.0,"CH"
1222,15,"固有種",4.0,"CH"
1223,15,"林業",6.0,"CH"
1224,15,"林業立法",8.0,"CH"
1225,15,"泥土",2.0,"CH"
1226,15,"物種多樣性",5.0,"CH"
1227,15,"物種豐富度",7.0,"CH"
1228,15,"非法販運",1.0,"CH"
1229,15,"非法野生動植物",8.0,"CH"
1230,15,"非法野生動植物產品",8.0,"CH"
1231,15,"保育動物",8.0,"CH"
1232,15,"保育植物",8.0,"CH"
1233,15,"保護",2.0,"CH"
1234,15,"流域林業",7.0,"CH"
1235,15,"紅名單",4.0,"CH"
1236,15,"原生種",8.0,"CH"
1237,15,"原住民",3.0,"CH"
1238,15,"耕地",6.0,"CH"
1239,15,"荒漠化",8.0,"CH"
1240,15,"乾旱",2.0,"CH"
1241,15,"乾旱壓力",6.0,"CH"
1242,15,"動物",1.0,"CH"
1243,15,"崩塌",1.0,"CH"
1244,15,"崩塌目錄",7.0,"CH"
1245,15,"崩塌敏感性",8.0,"CH"
1246,15,"淡水生物多樣性",7.0,"CH"
1247,15,"貧窮",3.0,"CH"
1248,15,"造林",7.0,"CH"
1249,15,"陸地生物多樣性",8.0,"CH"
1250,15,"陸地生態系統",8.0,"CH"
1251,15,"森林",5.0,"CH"
1252,15,"森林分水嶺",7.0,"CH"
1253,15,"森林永續性",9.0,"CH"
1254,15,"森林再生",9.0,"CH"
1255,15,"森林保護區",9.0,"CH"
1256,15,"森林恢復",9.0,"CH"
1257,15,"森林砍伐",9.0,"CH"
1258,15,"森林退化",9.0,"CH"
1259,15,"森林經營",6.0,"CH"
1260,15,"棲息地的喪失",8.0,"CH"
1261,15,"植物",2.0,"CH"
1262,15,"植樹造林",6.0,"CH"
1263,15,"盜獵",6.0,"CH"
1264,15,"絕種",2.0,"CH"
1265,15,"微生物",1.0,"CH"
1266,15,"滅絕",2.0,"CH"
1267,15,"農業",2.0,"CH"
1268,15,"種類",1.0,"CH"
1269,15,"管理森林",7.0,"CH"
1270,15,"蜜蜂",4.0,"CH"
1271,15,"樸門",5.0,"CH"
1272,15,"樹",1.0,"CH"
1273,15,"樹種",4.0,"CH"
1274,15,"遺傳資源",7.0,"CH"
1275,15,"濕地",8.0,"CH"
1276,16,"人人享有正義",9.0,"CH"
1277,16,"人口販運",9.0,"CH"
1278,16,"人權",5.0,"CH"
1279,16,"不穩定的社會",4.0,"CH"
1280,16,"仇恨犯罪",6.0,"CH"
1281,16,"內戰",2.0,"CH"
1282,16,"公平",2.0,"CH"
1283,16,"公民參與",4.0,"CH"
1284,16,"公民權利",5.0,"CH"
1285,16,"公共政策",3.0,"CH"
1286,16,"公益法",3.0,"CH"
1287,16,"公開政府",6.0,"CH"
1288,16,"反歧視法",5.0,"CH"
1289,16,"反恐",8.0,"CH"
1290,16,"反貪腐",9.0,"CH"
1291,16,"少數人權利",8.0,"CH"
1292,16,"巴黎原則",9.0,"CH"
1293,16,"心理虐待",7.0,"CH"
1294,16,"世界治理",6.0,"CH"
1295,16,"代表決策",5.0,"CH"
1296,16,"出生登記",4.0,"CH"
1297,16,"包容性",8.0,"CH"
1298,16,"包容性法律",8.0,"CH"
1299,16,"包容性社會",9.0,"CH"
1300,16,"包容性政府",9.0,"CH"
1301,16,"包容性機構",9.0,"CH"
1302,16,"司法",1.0,"CH"
1303,16,"司法改革",4.0,"CH"
1304,16,"打擊恐怖主義",8.0,"CH"
1305,16,"未判刑的被拘留者",8.0,"CH"
1306,16,"正義",4.0,"CH"
1307,16,"犯罪組織",6.0,"CH"
1308,16,"犯罪預防",5.0,"CH"
1309,16,"生活品質",5.0,"CH"
1310,16,"矛盾衝突",4.0,"CH"
1311,16,"任意拘留",3.0,"CH"
1312,16,"全球治理",6.0,"CH"
1313,16,"全球恐怖主義",8.0,"CH"
1314,16,"刑事司法",2.0,"CH"
1315,16,"刑事司法改革",9.0,"CH"
1316,16,"合法身份",2.0,"CH"
1317,16,"安全威脅",1.0,"CH"
1318,16,"有組織犯罪",7.0,"CH"
1319,16,"自由",2.0,"CH"
1320,16,"言論自由",8.0,"CH"
1321,16,"身體上的懲罰",8.0,"CH"
1322,16,"身體虐待",8.0,"CH"
1323,16,"兒童色情",8.0,"CH"
1324,16,"兒童保護",8.0,"CH"
1325,16,"兒童販運",8.0,"CH"
1326,16,"制度透明度",7.0,"CH"
1327,16,"受害",2.0,"CH"
1328,16,"受賄",6.0,"CH"
1329,16,"和平",2.0,"CH"
1330,16,"和平社會",4.0,"CH"
1331,16,"性犯罪",6.0,"CH"
1332,16,"性虐待",5.0,"CH"
1333,16,"性暴力",5.0,"CH"
1334,16,"武裝衝突",6.0,"CH"
1335,16,"武器",1.0,"CH"
1336,16,"武器扣押",4.0,"CH"
1337,16,"武器販運",8.0,"CH"
1338,16,"武器禁運",8.0,"CH"
1339,16,"武器轉讓",5.0,"CH"
1340,16,"歧視",3.0,"CH"
1341,16,"治理",1.0,"CH"
1342,16,"法律改革",6.0,"CH"
1343,16,"法律服務",7.0,"CH"
1344,16,"法律規定",3.0,"CH"
1345,16,"法院",1.0,"CH"
1346,16,"社會正義",7.0,"CH"
1347,16,"金融犯罪",3.0,"CH"
1348,16,"非歧視法",5.0,"CH"
1349,16,"非歧視的",4.0,"CH"
1350,16,"非法武器",7.0,"CH"
1351,16,"非法武器流動",7.0,"CH"
1352,16,"非法資金流動",7.0,"CH"
1353,16,"非暴力",2.0,"CH"
1354,16,"政府效率",3.0,"CH"
1355,16,"政府責任",6.0,"CH"
1356,16,"政府透明度",7.0,"CH"
1357,16,"政治透明",7.0,"CH"
1358,16,"故意殺人",1.0,"CH"
1359,16,"洗錢",6.0,"CH"
1360,16,"虐待兒童",8.0,"CH"
1361,16,"負責機構",1.0,"CH"
1362,16,"剝削兒童",9.0,"CH"
1363,16,"原住民",6.0,"CH"
1364,16,"家庭暴力",7.0,"CH"
1365,16,"恐怖主義",6.0,"CH"
1366,16,"財產權",2.0,"CH"
1367,16,"逃稅",2.0,"CH"
1368,16,"針對婦女的暴力",5.0,"CH"
1369,16,"問責制",1.0,"CH"
1370,16,"國內流離失所者",7.0,"CH"
1371,16,"國家安全",2.0,"CH"
1372,16,"國際恐怖主義",7.0,"CH"
1373,16,"執法",2.0,"CH"
1374,16,"基本權利",3.0,"CH"
1375,16,"強迫失踪",1.0,"CH"
1376,16,"控制腐敗",8.0,"CH"
1377,16,"教育",2.0,"CH"
1378,16,"殺人",1.0,"CH"
1379,16,"被偷的資產",5.0,"CH"
1380,16,"貧窮地理",8.0,"CH"
1381,16,"販運",2.0,"CH"
1382,16,"販賣兒童",7.0,"CH"
1383,16,"透明度",2.0,"CH"
1384,16,"盜竊",1.0,"CH"
1385,16,"訴諸司法",3.0,"CH"
1386,16,"開放數據政策",7.0,"CH"
1387,16,"開發",1.0,"CH"
1388,16,"黑手黨",2.0,"CH"
1389,16,"黑市",4.0,"CH"
1390,16,"解決衝突",1.0,"CH"
1391,16,"預防暴力",4.0,"CH"
1392,16,"對兒童的暴力行為",7.0,"CH"
1393,16,"對婦女和兒童的暴力行為",8.0,"CH"
1394,16,"腐敗",3.0,"CH"
1395,16,"誤判",1.0,"CH"
1396,16,"酷刑",7.0,"CH"
1397,16,"暴力",4.0,"CH"
1398,16,"暴力犯罪",8.0,"CH"
1399,16,"暴力受害者",8.0,"CH"
1400,16,"暴力率",7.0,"CH"
1401,16,"機構",1.0,"CH"
1402,16,"謀殺兒童",8.0,"CH"
1403,16,"錯誤定罪",9.0,"CH"
1404,16,"濫用",2.0,"CH"
1405,16,"警察",3.0,"CH"
1406,16,"騷擾",2.0,"CH"
1407,16,"冤獄",8.0,"CH"
1408,17,"人口統計",6.0,"CH"
1409,17,"人口普查",8.0,"CH"
1410,17,"三角合作",3.0,"CH"
1411,17,"女企業家",7.0,"CH"
1412,17,"公私伙伴關係",8.0,"CH"
1413,17,"分解數據",2.0,"CH"
1414,17,"世貿組織",2.0,"CH"
1415,17,"加權平均關稅",8.0,"CH"
1416,17,"外商直接投資",7.0,"CH"
1417,17,"外國賬戶稅務合規法案",7.0,"CH"
1418,17,"外援",3.0,"CH"
1419,17,"民間社會夥伴關係",7.0,"CH"
1420,17,"永續發展",8.0,"CH"
1421,17,"全球公民",8.0,"CH"
1422,17,"全球永續發展夥伴關係",9.0,"CH"
1423,17,"全球夥伴關係",9.0,"CH"
1424,17,"全球穩定",2.0,"CH"
1425,17,"多方利益相關者夥伴關係",8.0,"CH"
1426,17,"多邊貿易體系",6.0,"CH"
1427,17,"死亡登記",2.0,"CH"
1428,17,"自由貿易",4.0,"CH"
1429,17,"住房普查",6.0,"CH"
1430,17,"技術合作協議",5.0,"CH"
1431,17,"技術轉讓",4.0,"CH"
1432,17,"杜哈發展議程",8.0,"CH"
1433,17,"制度一致性",3.0,"CH"
1434,17,"官方統計",2.0,"CH"
1435,17,"官方統計的基本原則",8.0,"CH"
1436,17,"官方發展援助",6.0,"CH"
1437,17,"知識共享",3.0,"CH"
1438,17,"促進創新",6.0,"CH"
1439,17,"南北合作",8.0,"CH"
1440,17,"南南合作",8.0,"CH"
1441,17,"政策連貫性",9.0,"CH"
1442,17,"科技創新",4.0,"CH"
1443,17,"科學合作協議",3.0,"CH"
1444,17,"重債窮國",7.0,"CH"
1445,17,"捐助國",4.0,"CH"
1446,17,"消除貧窮",5.0,"CH"
1447,17,"能力建設",2.0,"CH"
1448,17,"財政永續性",8.0,"CH"
1449,17,"財務保密",3.0,"CH"
1450,17,"區域差異",8.0,"CH"
1451,17,"國內資源動員",7.0,"CH"
1452,17,"國家統計數據",7.0,"CH"
1453,17,"國際人口與住房普查",6.0,"CH"
1454,17,"國際支持",1.0,"CH"
1455,17,"國際合作",3.0,"CH"
1456,17,"國際合作促進發展",4.0,"CH"
1457,17,"國際技術援助",7.0,"CH"
1458,17,"國際援助",3.0,"CH"
1459,17,"統計立法",2.0,"CH"
1460,17,"統計能力",3.0,"CH"
1461,17,"統計能力建設",8.0,"CH"
1462,17,"通訊技術",3.0,"CH"
1463,17,"創業精神",5.0,"CH"
1464,17,"援助政策",1.0,"CH"
1465,17,"援助效力",3.0,"CH"
1466,17,"無害環境技術",6.0,"CH"
1467,17,"發展援助",2.0,"CH"
1468,17,"開放數據政策",6.0,"CH"
1469,17,"債務永續性",5.0,"CH"
1470,17,"債務重組",4.0,"CH"
1471,17,"匯款流入",2.0,"CH"
1472,17,"匯款流量",1.0,"CH"
1473,17,"經濟穩定",1.0,"CH"
1474,17,"對發展中國家的國際支持",7.0,"CH"
1475,17,"優惠關稅",5.0,"CH"
1476,17,"避稅",2.0,"CH"
1477,17,"避稅天堂",3.0,"CH"
1478,17,"關稅減免",7.0,"CH"
